{"name":"sbt","version":"1.6.2","bspVersion":"2.0.0-M5","languages":["scala"],"argv":["/Users/namizatasangare/Library/Java/JavaVirtualMachines/corretto-1.8.0_322/Contents/Home/jre/bin/java","-Xms100m","-Xmx100m","-classpath","/Users/namizatasangare/Library/Application Support/JetBrains/IntelliJIdea2021.3/plugins/Scala/launcher/sbt-launch.jar","xsbt.boot.Boot","-bsp","--sbt-launch-jar=/Users/namizatasangare/Library/Application%20Support/JetBrains/IntelliJIdea2021.3/plugins/Scala/launcher/sbt-launch.jar"]}